Workbook

Sheet Start here
B2: GxP Quality Hub — release decision workbook
B3: Prepared 2026-10-25 for Dinesh Naik (Engagement lead). Synthetic data. The decision path stays No-AI (OD-08). Since 26 Oct an optional, off-by-default advisory Q&A exists (Stage 44, OD-40); it does not change the 40 approvals, but enabling it needs its own approval reference for ai.enabled.
B5: Who fills the yellow cells | C5: Only you. The hub's release check refuses approvals that name an agent, assistant, orchestrator, bot, system or AI. Claude prepared everything else and signed nothing.
B6: Step 1 | C6: Type your full name once in C13 (Approver) and the date in C14 (ISO, e.g. 2026-10-26).
B7: Step 2 | C7: Sheet 'Sign-offs (40)': read the evidence named in column F, then choose APPROVED, REJECTED or OPEN in column G. Leave OPEN when unsure. A row needs no other typing: references are generated for you (you may override columns I and J).
B8: Step 3 | C8: Sheet 'Security (T-10)': pick one option per item and put a short reason. Sheet 'Monitoring (T-09)': choose option A or B.
B9: Step 4 | C9: Save the file, then run: py -3.14 release_check.py validate --workbook <this file> (it only reads and reports).
B10: Step 5 | C10: When validate is clean, run: py -3.14 release_check.py evaluate --workbook <this file> It builds the approvals file, records the deviation decisions in a sandbox copy, runs the golden comparison and prints the repo's own GO / NO-GO. Your repository is not modified.
B11: What 'GO' means here | C11: GO (shadow): the hub runs beside the legacy system on synthetic data. It does not mean production cutover; the five CUT-n approvals stay OPEN.
B13: Approver (full name)
B14: Approval date (ISO)
B15: Live counts | C15: ="Sign-offs approved: "&COUNTIF('Sign-offs (40)'!G5:G44,"APPROVED")&" of 40 | release-scope approved: "&COUNTIFS('Sign-offs (40)'!G5:G44,"APPROVED",'Sign-offs (40)'!B5:B44,"REL")&" of 22 | deviations approved: "&COUNTIFS('Sign-offs (40)'!G5:G44,"APPROVED",'Sign-offs (40)'!A5:A44,"AP-DV-*")&" of 11"

Sheet Technical (20)
A1: Technical criteria (evidence only; a pass is not an approval). Source: docs/30-release/evidence/gate-results.json
A4: ID | B4: Result in repo today | C4: Criterion / note | D4: Evidence file | E4: What clears it | F4: Who | G4: Status after this session
A5: G1 | B5: fail | C5: golden diff: unapproved differences = 0 — golden-compare exit 6: every entry UNAPPROVED because DV-01..DV-11 are proposed (OD-S12-13 open); cannot pass before Dinesh decides | D5: docs/30-release/evidence/s30-log-06-golden-compare.txt | E5: Record a preserve-or-fix decision for DV-01..DV-11 (sheet Sign-offs, rows AP-DV-*). The tool then marks each as an approved deviation and the golden comparison must exit 0. | F5: You (decisions) + Claude (run) | G5: OPEN: needs your 11 deviation decisions, then the comparison re-run.
A6: G2 | B6: pass | C6: replay-safety suite (AC-INT-04/05) passes — group I6 43/43 (TST_INT, replay safety) | D6: docs/30-release/evidence/s30-regression-groups.txt | E6: Nothing: already passes in the repo's evidence. | F6: - | G6: No change needed (still pass; re-checked by the final evaluate step).
A7: G3 | B7: pass | C7: verify-audit ok — verify-audit ok on the sandbox store; also ok after refusal, authority flip, L3, restore (logs 10, 16, 19, 22, 25) | D7: docs/30-release/evidence/s30-log-04-verify-audit.txt | E7: Nothing: already passes in the repo's evidence. | F7: - | G7: No change needed (still pass; re-checked by the final evaluate step).
A8: G4 | B8: pass | C8: verify-projection 0 mismatches — group I45 91/91 (projection tests); no stand-alone verify-projection on a production store (none exists) | D8: docs/30-release/evidence/s30-regression-groups.txt | E8: Nothing: already passes in the repo's evidence. | F8: - | G8: No change needed (still pass; re-checked by the final evaluate step).
A9: G5 | B9: pass | C9: No-AI tripwire: deny-list clean, no egress, model_calls_total = 0 (shipped default ai.enabled=false; Stage 44 adds a gated, off-by-default Azure OpenAI path) — tripwires zero in the groups run; hub.admin release-checklist evaluates G5 (log 09b) | D9: docs/30-release/evidence/s30-regression-groups.txt | E9: Nothing: already passes in the repo's evidence. | F9: - | G9: No change needed (still pass; re-checked by the final evaluate step).
A10: G6 | B10: pass | C10: secret scan 0; deletion-path grep 0 — scan evaluated by hub.admin release-checklist | D10: docs/30-release/evidence/s30-log-09b-release-checklist-no-mark.txt | E10: Nothing: already passes in the repo's evidence. | F10: - | G10: No change needed (still pass; re-checked by the final evaluate step).
A11: G7 | B11: pass | C11: backup/restore rehearsal checksum match — backup/restore rehearsal evaluated by hub.admin; also logs 07, 08, 21, 22 | D11: docs/30-release/evidence/s30-log-09b-release-checklist-no-mark.txt | E11: Nothing: already passes in the repo's evidence. | F11: - | G11: No change needed (still pass; re-checked by the final evaluate step).
A12: G8 | B12: pass | C12: Zone H negative tests (AC-GATE-09/11/12) pass — group I8a 35/35 (TST_GATE, TST_REV) | D12: docs/30-release/evidence/s30-regression-groups.txt | E12: Nothing: already passes in the repo's evidence. | F12: - | G12: No change needed (still pass; re-checked by the final evaluate step).
A13: G9 | B13: pass | C13: planted-string fixture suite (86/22/44) 0 effects — group I6 (planted-string and untrusted-source tests) | D13: docs/30-release/evidence/s30-regression-groups.txt | E13: Nothing: already passes in the repo's evidence. | F13: - | G13: No change needed (still pass; re-checked by the final evaluate step).
A14: G10 | B14: pass | C14: determinism: bit-identical across PYTHONHASHSEED/TZ/locale — TST_CO_13 inside group B (41 of 42 executed ok-or-skipped; the 1 failure is TST_CO_05_c, S30-DEV-03) | D14: docs/30-release/evidence/s30-regression-groups.txt | E14: Nothing: already passes in the repo's evidence. | F14: - | G14: No change needed (still pass; re-checked by the final evaluate step).
A15: T-01 | B15: pass | C15: backup manifest of the legacy baseline verifies (rc 0) before and after every rehearsal — manifest rc 0 before and after the rehearsal; rc 0 before and after every group | D15: docs/30-release/evidence/s30-rehearsal-summary.txt | E15: Nothing: already passes in the repo's evidence. | F15: - | G15: No change needed (still pass; re-checked by the final evaluate step).
... A24: T-10 | B24: fail | C24: every High vulnerability and every open High finding has a recorded decision by the Engagement lead — VR-02, VR-03, VR-04 High items have no accepted disposition; F-11 and risk registers open | D24: docs/27-hardening/vulnerability-disposition.md | E24: Record a decision for VR-02, VR-03, VR-04 and F-11 on sheet 'Security (T-10)'. | F24: You (decisions) | G24: OPEN: needs your 4 decisions. Draft: 06_Release_Readiness/T-10_Security_Decisions_Draft.md

Sheet Sign-offs (40)
A1: Approval register: 40 records. Yellow = yours. Recommended defaults are proposals from the repo (OD-32), not decisions.
A2: Level: GO-shadow = needed for 'GO (shadow)'. CUT-n = needed only for that cutover step; leave OPEN unless you are ready to cut over.
A4: ID | B4: Scope | C4: Needed for | D4: Decision to take | E4: Agent recommended default (not a decision) | F4: Read first | G4: YOUR DECISION | H4: Your note (optional) | I4: approval_ref (auto if empty) | J4: evidence_ref (auto if empty) | K4: Check
A5: AP-REL-01 | B5: REL | C5: GO (shadow) | D5: Release decision (go / no-go) for the hub in shadow mode | E5: no-go until every technical criterion passes and AP-GATE-*, AP-OPS-* (REL) are recorded | F5: docs/30-release/go-no-go-criteria.md; this workbook, sheet Technical | G5: OPEN | K5: =IF(G5="APPROVED",IF(OR('Start here'!$C$13="",'Start here'!$C$14=""),"fill name/date on Start here","counts"),IF(G5="REJECTED","recorded as rejected","open"))
A6: AP-GATE-G1 | B6: REL | C6: GO (shadow) | D6: Human acknowledgement of the evidence for gate G1: golden diff: unapproved differences = 0 | E6: acknowledge only after reading the evidence file named in gate-results.json; G1 cannot pass while any DV row is proposed | F6: docs/30-release/evidence/s30-log-06-golden-compare.txt | G6: OPEN | K6: =IF(G6="APPROVED",IF(OR('Start here'!$C$13="",'Start here'!$C$14=""),"fill name/date on Start here","counts"),IF(G6="REJECTED","recorded as rejected","open"))
A7: AP-GATE-G2 | B7: REL | C7: GO (shadow) | D7: Human acknowledgement of the evidence for gate G2: replay-safety suite (AC-INT-04/05) passes | E7: acknowledge after reading the evidence file named in gate-results.json | F7: docs/30-release/evidence/s30-regression-groups.txt | G7: OPEN | K7: =IF(G7="APPROVED",IF(OR('Start here'!$C$13="",'Start here'!$C$14=""),"fill name/date on Start here","counts"),IF(G7="REJECTED","recorded as rejected","open"))
A8: AP-GATE-G3 | B8: REL | C8: GO (shadow) | D8: Human acknowledgement of the evidence for gate G3: verify-audit ok | E8: acknowledge after reading the evidence file named in gate-results.json | F8: docs/30-release/evidence/s30-log-04-verify-audit.txt | G8: OPEN | K8: =IF(G8="APPROVED",IF(OR('Start here'!$C$13="",'Start here'!$C$14=""),"fill name/date on Start here","counts"),IF(G8="REJECTED","recorded as rejected","open"))
A9: AP-GATE-G4 | B9: REL | C9: GO (shadow) | D9: Human acknowledgement of the evidence for gate G4: verify-projection 0 mismatches | E9: acknowledge after reading the evidence file named in gate-results.json | F9: docs/30-release/evidence/s30-regression-groups.txt | G9: OPEN | K9: =IF(G9="APPROVED",IF(OR('Start here'!$C$13="",'Start here'!$C$14=""),"fill name/date on Start here","counts"),IF(G9="REJECTED","recorded as rejected","open"))
A10: AP-GATE-G5 | B10: REL | C10: GO (shadow) | D10: Human acknowledgement of the evidence for gate G5: No-AI tripwire: deny-list clean, no egress, model_calls_total = 0 (shipped default ai.enabled=false; Stage 44 adds a gated, off-by-default Azure OpenAI path) | E10: acknowledge after reading the evidence file named in gate-results.json | F10: docs/30-release/evidence/s30-regression-groups.txt | G10: OPEN | K10: =IF(G10="APPROVED",IF(OR('Start here'!$C$13="",'Start here'!$C$14=""),"fill name/date on Start here","counts"),IF(G10="REJECTED","recorded as rejected","open"))
A11: AP-GATE-G6 | B11: REL | C11: GO (shadow) | D11: Human acknowledgement of the evidence for gate G6: secret scan 0; deletion-path grep 0 | E11: acknowledge after reading the evidence file named in gate-results.json | F11: docs/30-release/evidence/s30-log-09b-release-checklist-no-mark.txt | G11: OPEN | K11: =IF(G11="APPROVED",IF(OR('Start here'!$C$13="",'Start here'!$C$14=""),"fill name/date on Start here","counts"),IF(G11="REJECTED","recorded as rejected","open"))
A12: AP-GATE-G7 | B12: REL | C12: GO (shadow) | D12: Human acknowledgement of the evidence for gate G7: backup/restore rehearsal checksum match | E12: acknowledge after reading the evidence file named in gate-results.json | F12: docs/30-release/evidence/s30-log-09b-release-checklist-no-mark.txt | G12: OPEN | K12: =IF(G12="APPROVED",IF(OR('Start here'!$C$13="",'Start here'!$C$14=""),"fill name/date on Start here","counts"),IF(G12="REJECTED","recorded as rejected","open"))
A13: AP-GATE-G8 | B13: REL | C13: GO (shadow) | D13: Human acknowledgement of the evidence for gate G8: Zone H negative tests (AC-GATE-09/11/12) pass | E13: acknowledge after reading the evidence file named in gate-results.json | F13: docs/30-release/evidence/s30-regression-groups.txt | G13: OPEN | K13: =IF(G13="APPROVED",IF(OR('Start here'!$C$13="",'Start here'!$C$14=""),"fill name/date on Start here","counts"),IF(G13="REJECTED","recorded as rejected","open"))
A14: AP-GATE-G9 | B14: REL | C14: GO (shadow) | D14: Human acknowledgement of the evidence for gate G9: planted-string fixture suite (86/22/44) 0 effects | E14: acknowledge after reading the evidence file named in gate-results.json | F14: docs/30-release/evidence/s30-regression-groups.txt | G14: OPEN | K14: =IF(G14="APPROVED",IF(OR('Start here'!$C$13="",'Start here'!$C$14=""),"fill name/date on Start here","counts"),IF(G14="REJECTED","recorded as rejected","open"))
A15: AP-GATE-G10 | B15: REL | C15: GO (shadow) | D15: Human acknowledgement of the evidence for gate G10: determinism: bit-identical across PYTHONHASHSEED/TZ/locale | E15: acknowledge after reading the evidence file named in gate-results.json | F15: docs/30-release/evidence/s30-regression-groups.txt | G15: OPEN | K15: =IF(G15="APPROVED",IF(OR('Start here'!$C$13="",'Start here'!$C$14=""),"fill name/date on Start here","counts"),IF(G15="REJECTED","recorded as rejected","open"))
A16: AP-DV-01 | B16: CUT | C16: G1 + CUT-4 | D16: Preserve-or-fix decision for DV-01: SQL month-end total 742,956.61 (join fan-out) becomes 622,826.44 | E16: fix (adopt the hub figure) for CUT-4; keep legacy report running as comparator | F16: hub/coexistence/seed_s20.json (DV-01); docs/30-release/evidence/s30-log-06-golden-compare.txt | G16: OPEN | K16: =IF(G16="APPROVED",IF(OR('Start here'!$C$13="",'Start here'!$C$14=""),"fill name/date on Start here","counts"),IF(G16="REJECTED","recorded as rejected","open"))
... A44: AP-OPS-13 | B44: CUT | C44: CUT-1 | D44: real Zone H holders named, only if the Zone H gate is to be used (OD-S12-05 / 06, HAR-12) | E44: keep holders empty; the Zone H gate stays unused | F44: docs/30-release/release-approvals.md (AP-1); docs/30-release/environment-promotion-plan.md | G44: OPEN | K44: =IF(G44="APPROVED",IF(OR('Start here'!$C$13="",'Start here'!$C$14=""),"fill name/date on Start here","counts"),IF(G44="REJECTED","recorded as rejected","open"))

Sheet Differences (11)
A1: DV-01..DV-11: what changes between the legacy system and the hub (source: hub/coexistence/seed_s20.json). Your decisions are on 'Sign-offs (40)', rows AP-DV-*.
A4: DV | B4: Golden reference | C4: Legacy value | D4: Hub value | E4: Justification in the register | F4: Repo's recommended default
A5: DV-01 | B5: CT-12:batch.sql_report_1_total_gross | C5: 742956.61 | D5: 622826.44 | E5: SQL report 1 total inflated by LEFT JOIN events fan-out (BB-08); new month_end_total sums cases once. F10-2 DV-01 (fix). | F5: fix (adopt the hub figure) for CUT-4; keep legacy report running as comparator
A6: DV-02 | B6: CT-08:batch.partner_error_reasons[replayed source message] | C6: 64 | D6: {"NOOP_DUPLICATE":67,"REVISED_CONFLICT":0} | E6: Legacy marks every REPLAY as DUPLICATE (BB-05); new distinguishes identical vs changed content. F10-2 DV-02 (fix). New value restated in Stage 20 as the OBSERVED output of the built module on FX-BASE125 (DW-04, golden-compare provider 'observed'); the behaviour described is unchanged. Observed on the shipped feed: 67 REPLAY rows -> NOOP_DUPLICATE, 0 REVISED_CONFLICT (no changed-content replay exists in FX-BASE125; the changed-content path is covered by TST-INT-01..08). Legacy 64 vs 67: 3 REPLAY rows fail legacy key/schema checks first (BD-02). | F6: fix
A7: DV-03 | B7: CT-08:batch.partner_error_reasons[quantity out of range] | C7: 154 | D7: {"NEGATIVE_VALUE_items":161,"flagged_value_queue":3} | E7: Legacy rejects negative quantity; new keeps it flagged for review. F10-2 DV-03 (change of class). New value restated in Stage 20 as the OBSERVED output of the built module on FX-BASE125 (DW-04, golden-compare provider 'observed'); the behaviour described is unchanged. 161 partner items carry NEGATIVE_VALUE and are kept (3 in queue flagged_value; the rest carry a higher-precedence reason), none rejected (BD-03). | F7: change of class: adopt as built
A8: DV-04 | B8: CT-11:batch.java_tiny.stdout#count | C8: "2390" | D8: {"UNPARSABLE_AMOUNT":10,"kept_rows":2390} | E8: Legacy Java silently skips blank amounts; new reports UNPARSABLE_AMOUNT (quarantine). F10-2 DV-04 (fix). New value restated in Stage 20 as the OBSERVED output of the built module on FX-BASE125 (DW-04, golden-compare provider 'observed'); the behaviour described is unchanged. Vendor tiny CSV: 10 rows QUARANTINED UNPARSABLE_AMOUNT, 2,390 rows kept (BD-04). | F8: fix
A9: DV-05 | B9: CT-13:batch.js_policy_table.allows[7:9] | C9: [["abc","APAC",2026,false],[null,"APAC",2026,true]] | D9: {"abc":"E-POL-INPUT-INVALID","null":"E-POL-INPUT-INVALID"} | E9: Legacy JS tolerance with 'abc'/null is undefined behaviour; new rejects invalid input. F10-2 DV-05 (fix). | F9: fix
A10: DV-06 | B10: CT-13:batch.js_policy_table.table[0] | C10: ["APAC",2019,999999] | D10: {"defaulted":true,"region":"APAC","threshold":999999,"year":2019} | E10: Unknown region/year default 999999 kept but marked defaulted. F10-2 DV-06 (additive). | F10: accept the additive marker
A11: DV-07 | B11: CT-08:batch.partner_status_after_all | C11: [["ACCEPTED",7917],["DUPLICATE",64],["REJECTED",586]] | D11: {"legacy_table":"untouched","outcome_store":"append-only","outcomes":{"EXCEPTION":8109,"NOOP_DUPLICATE":67,"QUARANTINED":223,"VALIDATED":165,"VALIDATED_WITH_FLAGS":3}} | E11: Legacy reconcile overwrites processing_status in place; new appends outcomes and leaves the legacy table untouched. F10-2 DV-07 (fix). New value restated in Stage 20 as the OBSERVED output of the built module on FX-BASE125 (DW-04, golden-compare provider 'observed'); the behaviour described is unchanged. DV-07a (Stage 17 PCH-35 text extension): the new value also includes the outcome classification: EXCEPTION 8,109 (UNMATCHED_REF 7,903, NO_BUSINESS_KEY 206 - see DV-10), QUARANTINED 223, VALIDATED 165, VALIDATED_WITH_FLAGS 3, NOOP_DUPLICATE 67 (BD-07). | F11: fix, after Dinesh has seen the 7,903 UNMATCHED_REF volume
A12: DV-08 | B12: CT-10:batch.shift_distinct_objects_in_first_500_joined_rows | C12: 118 | D12: 500 | E12: Night-shift join multiplies rows (118 distinct objects in first 500); new evaluates per entity (500 distinct in first 500). F10-2 DV-08 (fix). | F12: do not cut over this figure; keep legacy authoritative until a hub job exists
A13: DV-09 | B13: CT-07:lib.missing_field | C13: {"accepted":0,"duplicates":0,"invalid":1,"received":1} | D13: {"quarantined":1,"reason":"MISSING_ENVELOPE_FIELD","received":1} | E13: Legacy counts invalid gateway events but does not store them; new stores them in quarantine. F10-2 DV-09 (fix). Stage 20 label correction (Stage 17 PCH-35, OD-24): the built intake uses the Stage 12 code MISSING_ENVELOPE_FIELD, not 'envelope_invalid' (BD-09). New value restated in Stage 20 as the OBSERVED output of the built module on FX-BASE125 (DW-04, golden-compare provider 'observed'); the behaviour described is unchanged. | F13: fix, with the corrected label
A14: DV-10 | B14: CT-08:batch.partner_status_after_all[ref_id match] | C14: [["ACCEPTED",7917],["DUPLICATE",64],["REJECTED",586]] | D14: {"linked":168,"no_business_key":206,"unmatched_ref":7903} | E14: Legacy reconcile never checks ref_id, so most partner rows end ACCEPTED; the hub links ref_id to the 125 baseline cases by exact key (BEH-INT-08, AC-INT-18): 168 linked, 7,903 EXCEPTION/UNMATCHED_REF, 206 EXCEPTION/NO_BUSINESS_KEY. Specified behaviour (PRD baseline OD-22) registered by Stage 17 PCH-35 / OD-24 as proposed DV-10 (BD-07). Registration only, not approval. New value restated in Stage 20 as the OBSERVED output of the built module on FX-BASE125 (DW-04, golden-compare provider 'observed'); the behaviour described is unchanged. | F14: fix (exact match, BEH-INT-08)
A15: DV-11 | B15: DEV-29:js.threshold(APAC, partial year) | C15: {"":15000,"2":15000,"202":15000} | D15: {"":{"defaulted":true,"threshold":999999},"2":{"defaulted":true,"threshold":999999},"202":{"defaulted":true,"threshold":999999}} | E15: Legacy JS threshold lookup matches partial years by startsWith (threshold('APAC', 202 / 2 / '') -> 15000, the 2022 row); the rule service requires the 4-digit year and returns 999999 with defaulted = true (DEV-29, RTD-41). No Stage 7 golden captures it: the legacy value is the documented INC-04 S05 live node run (docs/15-modernization/transformation-log.md DEV-29). Registered by Stage 17 PCH-35 / OD-24 as proposed DV-11 (BD-10). Registration only, not approval. New value restated in Stage 20 as the OBSERVED output of the built module on FX-BASE125 (DW-04, golden-compare provider 'observed'); the behaviour described is unchanged. | F15: fix (4-digit year required)
A17: Note for DV-08 | B17: The repo's recommended default for AP-DV-08 is 'do not cut over this figure; keep legacy authoritative'. The golden comparison still reports the difference as UNAPPROVED until the DV-08 row is approved, so G1 cannot pass while it is OPEN. Approving it for G1 acknowledges a known difference in SHADOW mode only; the cutover decision stays with AP-CUT-4. Please decide which you want.

Sheet Security (T-10)
A1: T-10: every High vulnerability and every open High finding needs a decision recorded by the Engagement lead (go-no-go-criteria.md).
A4: Item | B4: What it is | C4: State today | D4: Option 1 | E4: Option 2 | F4: Claude's suggestion (not a decision) | G4: YOUR CHOICE (1 / 2 / OTHER) | H4: Reason / OTHER text
A5: VR-02 | B5: Python 3.10 is end of life (floor shipped at 3.10) | C5: MITIGATED + ESCALATED (D-27-02). 3.12 floor is selectable; CI file for 3.12/3.13 written but not installed. | D5: Accept: stay on the 3.10 floor for shadow on this laptop; no exposure, no real data. | E5: Adopt a 3.12 floor before release. Evidence from this session: the full regression passes on 3.14 (see Technical sheet) but 3.12 itself was not run. | F5: Option 1 for a shadow release on synthetic data, with 'before any exposure or real data: move to 3.12+' written into the decision.
A6: VR-03 | B6: No TLS (hub binds loopback only) | C6: MITIGATED by avoidance: non-loopback bind refused by two independent checks. | D6: Accept: loopback-only; any exposure is a new decision. | E6: Require TLS before release. | F6: Option 1. The risk exists only if the hub is exposed, which the release scope excludes.
A7: VR-04 | B7: Legacy Dockerfile / compose run as root and bind all interfaces if started as shipped | C7: DEFERRED to Stage 30 (D-27-06). Frozen legacy path. | D7: Accept: leave the legacy files unchanged; hardened recipe stays a proposal (deployment-strategy DS-5); do not start the legacy containers. | E7: Harden the legacy files now (changes a frozen legacy path). | F7: Option 1.
A8: F-11 | B8: Red-team finding S26-F-11: group wall times 145-174 s against the 180 s per-call cap | C8: Open; listed as LOW in red-team-findings.md although the criterion text mentions it. Please confirm it belongs in T-10. | D8: Accept / backlog: the cloud regression has no cap (this session ran every group without it). | E8: Split the two slow groups (E26, S26). | F8: Option 1; note it is Low severity in the findings table.

Sheet Monitoring (T-09)
A1: T-09: monitoring coverage for the release window (persisted metrics, alert delivery, an owner)
A4: Option | B4: What it means | C4: What changes in the repo | D4: Effort | E4: Claude's suggestion (not a decision) | F4: YOUR CHOICE (A / B) | G4: Reason
A5: A | B5: Accept manual monitoring for the release window: you run RB-00 at the start and end of each working session; no alert delivery; you are the owner (AP-OPS-05, D-31-08). | C5: Nothing in code. A dated acceptance is recorded (draft supplied). The criterion text allows this: 'or by Dinesh explicitly accepting manual monitoring'. | D5: ~10 min of your time | E5: A for a single-person shadow release.
A6: B | B6: Wire periodic persistence of HTTP metrics (D-31-01) and the six gap metrics (D-31-06) so alerts can be evaluated from stored data. | C6: Edit hub/web/app.py and hub/obs wiring; new tests; AP-OPS-10 becomes 'wire before release'. Alert delivery and on-call would still not exist. | D6: ~1 h Claude + review | E6: Not needed for shadow; consider before any real use.
A8: Note | B8: If you choose A, also set AP-OPS-05 and AP-OPS-10 on the Sign-offs sheet consistently (AP-OPS-05 = manual evaluation; AP-OPS-10 = release without wiring).

Sheet Path to GO
A1: Three levels of GO
A3: Level | B3: Meaning | C3: Technical criteria | D3: Approvals needed | E3: Your time | F3: Status
A4: GO (shadow) — 'Partial Go' | B4: Hub runs beside legacy on synthetic data. No production cutover. | C4: G1, T-05, T-09, T-10 must flip to pass (16 already pass) | D4: 22 REL approvals (AP-REL-01, AP-GATE-G1..G10, AP-OPS-01..11) + 11 deviation decisions for G1 | E4: ~60-75 min | F4: see Start here counts
A5: Limited GO — rule evaluation only (CUT-2) | B5: Hub rule evaluation becomes authoritative for the three policy differences. | C5: As above | D5: GO (shadow) set + AP-CUT-2, AP-DV-05, AP-DV-06, AP-DV-11, AP-OPS-12 (named consumers) | E5: + 30 min plus a named consumer | F5: not started
A6: Full GO | B6: All five capabilities authoritative. | C6: As above | D6: All 40 approvals + open decisions OD-S12-xx, definitions OPD-01/02/08, Zone H holders | E6: days; needs real org inputs | F6: out of scope today
